id,user,content,platform,timestamp,risk_score,type,url,query_source,original_content,language,final_threat,status
1306wg6,leglesscaterpillar,"quick fix for anyone stuck as i couldn't find anything online.

error: app not installed when opening messages from the main menu tray 

fix:

i: check phone settings and ensure (google) messages is the default app

2: open message app from app store/ app 

e: reinstall from google store if it doesn...",Reddit,2023-04-27T07:43:01,90,Dealer,https://www.reddit.com/r/GooglePixel/comments/1306wg6/pixel_7_pro_fixing_message_app_not_opening/,wickr menu,"Quick fix for anyone stuck as I couldn't find anything online.

Error: app not installed when opening messages from the main menu tray 

Fix:

1: check phone settings and ensure (Google) messages is the default app

2: open message app from app store/ app 

3: reinstall from Google store if it doesn...",en,99,CRITICAL
10sjwek,FoundationLeast8806,"has anyone seen these guys on messenger, unique minds ts, organic mushroom strains, and so on, they are legit advertising that there selling mushies and when you hit them up they tell you to add them on wickr,
after that they send an awesome menu the gear is cheap and then if you purchase they want ...",Reddit,2023-02-03T18:37:43,83,Dealer,https://www.reddit.com/r/australia/comments/10sjwek/online_mushy_delivery_through_wickr/,wickr menu,"Has anyone seen these guys on messenger, unique minds 75, organic mushroom strains, and so on, they are legit advertising that there selling mushies and when you hit them up they tell you to add them on wickr,
After that they send an awesome menu the gear is cheap and then if you purchase they want ...",en,99,CRITICAL
10j7wn8,greenbritainofficial,"that's a 2axt service from greenbritain to deliver the best flowers to your 📬 doorsteps.

on menu
🌿 🍫 🍭 concentrates 🐻 edibles 💨 vape and more

discount codes 💰
s% find it in the telegram bot menu 👉 gbshopbot
io% follow and send us ✌️ hi to get it.
🟠 instagram https://instagram.com/greenbritainig 🔴 ...",Reddit,2023-01-23T14:17:32,87,Dealer,https://www.reddit.com/r/u_greenbritainofficial/comments/10j7wn8/hello_2023_we_are_back_at_full_speed/,wickr menu,"That's a 24x7 service from GreenBritain to deliver the best flowers to your 📬 doorsteps.

On MENU
🌿 🍫 🍭 Concentrates 🐻 Edibles 💨 Vape and more

Discount codes 💰
5% Find it in the Telegram bot menu 👉 GBshopbot
10% Follow and send us ✌️ Hi to get it.
🟠 Instagram https://instagram.com/GreenBritainIG 🔴 ...",en,99,CRITICAL
10j7tnr,GBshopbot,"that's a 2axt service from greenbritain to deliver the best flowers to your 📬 doorsteps.

on menu
🌿 bud 🍫 hash 🍭 concentrates 🐻 edibles 💨 vape and more

discount codes 💰
s% find it in the bot menu 👉 gbshopbot on telegram 
io% follow and send us ✌️ hi to get it.
🟠 instagram https://instagram.com/gree...",Reddit,2023-01-23T14:11:15,82,Dealer,https://www.reddit.com/r/u_GBshopbot/comments/10j7tnr/hello_2023_we_are_back_at_full_speed/,wickr menu,"That's a 24x7 service from GreenBritain to deliver the best flowers to your 📬 doorsteps.

On MENU
🌿 Bud 🍫 Hash 🍭 Concentrates 🐻 Edibles 💨 Vape and more

Discount codes 💰
5% Find it in the bot menu 👉 GBshopbot on Telegram 
10% Follow and send us ✌️ Hi to get it.
🟠 Instagram https://instagram.com/Gree...",en,94,CRITICAL
pibdqr,Tabouncee1," 

stocked with

vyvanse, actavis ,oxycotin,adderall,opana, xanax,norco,diluadid, etizolam mathadone,percocet,ritalin hydrocodone,demerol ephedrine,ambien,morphine,watson vicodin,celebrex,codeine methadone,dexetrine,lorcet,adipex,fentanyl,viagra,lorazepam,clonazepam cialis,norco,endocet,suboxone,sub...",Reddit,2021-09-05T16:54:38,88,Dealer,https://www.reddit.com/r/USApillszone/comments/pibdqr/prescription_and_non_prescription_pharma_grade/,wickr menu," 

STOCKED WITH

VYVANSE, ACTAVIS ,OXYCOTIN,ADDERALL,OPANA, XANAX,NORCO,DILUADID, ETIZOLAM MATHADONE,PERCOCET,RITALIN HYDROCODONE,Demerol EPHEDRINE,AMBIEN,morphine,WATSON VICODIN,Celebrex,Codeine METHADONE,dexetrine,Lorcet,ADIPEX,FENTANYL,VIAGRA,Lorazepam,Clonazepam CIALIS,Norco,endocet,suboxone,sub...",en,99,CRITICAL
1ptapjx,BottleNo6423,"currently at day i2, happy to share my insights and learnings for anyone planning to have sarpe. happy to answer any questioni 


i month before surgery: 

a. try to do as much sport as possible—of course based on your habits and existing routine, or simply keep active. i’m generally an active perso...",Reddit,2025-12-23T02:25:06,47,Suspect,https://www.reddit.com/r/jawsurgery/comments/1ptapjx/sarpe_surgery_my_journey/,painkillers dm,"Currently at Day 12, happy to share my insights and learnings for anyone planning to have SARPE. Happy to answer any question! 


1 month before surgery: 

a. Try to do as much sport as possible—of course based on your habits and existing routine, or simply keep active. I’m generally an active perso...",en,47,LOW
1pq1jh3,vagueconfusion,"motivated myself to crawl out of the house and get my painkiller prescription by means of putting a simple full look together and listening to disintegration (which will always be my favourite the cure album). 

featuring an old favourite necklace by [thorn samp; claw](https://www.thornandclaw.com/?...",Reddit,2025-12-19T02:08:38,56,Suspect,https://www.reddit.com/r/GothFashion/comments/1pq1jh3/prayers_for_rain/,painkillers dm,"Motivated myself to crawl out of the house and get my painkiller prescription by means of putting a simple full look together and listening to Disintegration (which will always be my favourite The Cure album). 

Featuring an old favourite necklace by [Thorn &amp; Claw](https://www.thornandclaw.com/?...",en,56,SUSPICIOUS
1pnnq8o,BarracudaChristine,"an escrow service provider, or escrow agent, is [a middleman in the cybercrime economy](https://reliaquest.com/blog/escrow-systems-on-cybercriminal-forums/). this person or group acts as an independent third party that holds funds and arbitrates disputes so buyers and [dark web vendors](https://www....",Reddit,2025-12-16T05:53:17,82,Dealer,https://www.reddit.com/r/BarracudaNetworks/comments/1pnnq8o/skeezy_cybercrime_gigs_escrow_agent/,darknet vendor,"An escrow service provider, or escrow agent, is [a middleman in the cybercrime economy](https://reliaquest.com/blog/escrow-systems-on-cybercriminal-forums/). This person or group acts as an independent third party that holds funds and arbitrates disputes so buyers and [dark web vendors](https://www....",en,82,CRITICAL
1pllj78,blentalhig,"[kerberos market](https://kerberosdarknetshop.com/) is the best darknet marketplace where people can safely buy and sell things. we offer the safest place for your darknet transactions because we have thousands of verified sellers and full escrow protection.

e escrow protection

all transactions ar...",Reddit,2025-12-13T19:05:26,84,Dealer,https://www.reddit.com/r/u_blentalhig/comments/1pllj78/welcome_to_kerberos_market/,darknet vendor,"[Kerberos Market](https://kerberosdarknetshop.com/) is the best darknet marketplace where people can safely buy and sell things. We offer the safest place for your darknet transactions because we have thousands of verified sellers and full escrow protection.

# Escrow Protection

All transactions ar...",en,84,CRITICAL
1pllgbn,blentalhig,"experience unparalleled security and reliability on the leading [torzon darknet market](https://torzontorzon.com/). access verified vendors through our secure torzon onion portal.

e about [torzon market](https://torzontorzon.com/)

understanding the ecosystem

global network

**torzon market** oper...",Reddit,2025-12-13T19:01:34,82,Dealer,https://www.reddit.com/r/u_blentalhig/comments/1pllgbn/the_next_generation_of_torzon_market/,darknet vendor,"Experience unparalleled security and reliability on the leading [Torzon darknet Market](https://torzontorzon.com/). Access verified vendors through our secure Torzon onion portal.

# About [Torzon Market](https://torzontorzon.com/)

Understanding the ecosystem

Global Network

**Torzon market** oper...",en,82,CRITICAL
1pklxc8,Southern-Ad-5537,"what's up fellow stonersi my last post was io months ago, back for another updatei

to give a bit of backstory i was scammed e times prior to finding my first legit vendor. i've been shopping with different vendors for multiple years now and have my fair share of experience within the community. i a...",Reddit,2025-12-12T12:57:09,96,Dealer,https://www.reddit.com/r/u_Southern-Ad-5537/comments/1pklxc8/legit_telegram_plugs_2026/,darknet vendor,"What's up fellow stoners! My last post was 10 months ago, back for another update!

To give a bit of backstory I was scammed 3 times prior to finding my first legit vendor. I've been shopping with different vendors for multiple years now and have my fair share of experience within the community. I a...",en,96,CRITICAL
1pfqo12,technadu,"massive week across cybercrime, cloud intrusion, darknet disruption, insider threats, and ai misuse.

summary:  
• dark web drug vendor *dmsoldiersndd* operator jailed  
• coupang breach affects eem  
• europol seizes €2sm from cryptomixer money-laundering service  
• warp panda using vcenter/esxi i...",Reddit,2025-12-06T20:01:32,87,Dealer,https://www.reddit.com/r/TechNadu/comments/1pfqo12/weekly_cyber_shifting_threats_and_rising_pressure/,darknet vendor,"Massive week across cybercrime, cloud intrusion, darknet disruption, insider threats, and AI misuse.

Summary:  
• Dark web drug vendor *DMSoldiersNDD* operator jailed  
• Coupang breach affects 33M  
• Europol seizes €25M from Cryptomixer money-laundering service  
• WARP PANDA using vCenter/ESXi i...",en,99,CRITICAL
1pfq4i1,SuccessfulSalt5598,"one of Sweden's most popular vendors



**evalena** sells drugs both on the darknet market and with its own website. this is one of the oldest active sellers and she tops the list on **catharsis**.

 

*this is an article with high news value intended to highlight trends and how it looks in Sweden and...",Reddit,2025-12-06T19:36:47,83,Dealer,https://www.reddit.com/r/luffarn/comments/1pfq4i1/intervju_med_evalena_luffarns_blogg/,darknet vendor,"En av Sveriges mest populära vendors



**EvaLena** säljer droger både på darknet marknaden och med egen hemsida. Detta är en av de äldsta aktiva försäljarna och hon toppar listan på **Catharsis**.

 

*Detta är en artikel med högt nyhetsvärde avsedd att belysa trender och hur det ser ut i Sverige o...",sv,95,CRITICAL
1pcicaf,NoThumper,"**rule i: harm reduction focus**

all discussions and posts must center on reducing drug-related harms. acceptable topics include testing methodologies, reagent test protocols, fentanyl detection, adulterant identification, substance purity assessment, lab testing services, and general safety practi...",Reddit,2025-12-03T01:14:18,94,Dealer,https://www.reddit.com/r/CocaineTesting/comments/1pcicaf/understanding_the_rules_of_rcocainetesting/,darknet vendor,"**Rule 1: Harm Reduction Focus**

All discussions and posts must center on reducing drug-related harms. Acceptable topics include testing methodologies, reagent test protocols, fentanyl detection, adulterant identification, substance purity assessment, lab testing services, and general safety practi...",en,99,CRITICAL
1pyih8w,itsybitsybluesails,"tw: nursing, nicu baby and separation from baby

hi all — looking for both actual knowledge on this from you pumping experts as well as just some support / a gut check from others. i wanted to ask about lactation consultants at the hospital really really pushing electric pumping over hand expression...",Reddit,2025-12-29T15:30:12,60,Suspect,https://www.reddit.com/r/ExclusivelyPumping/comments/1pyih8w/being_pressured_to_start_electric_pumping_over/,ganja home delivery,"tw: nursing, NICU baby and separation from baby

Hi all — looking for both actual knowledge on this from you pumping experts as well as just some support / a gut check from others. I wanted to ask about lactation consultants at the hospital really really pushing electric pumping over hand expression...",en,60,SUSPICIOUS
1pyiczj,Silent_Service9269,"greenchef frizzle a.2l air fryer a ₹2s99.

https://fkrt.cc/hytxqrg",Reddit,2025-12-29T15:23:08,54,Suspect,https://www.reddit.com/r/dealsforindia/comments/1pyiczj/greenchef_frizzle_42l_air_fryer_2599/,ganja home delivery,"Greenchef Frizzle 4.2L Air Fryer @ ₹2599.

https://fkrt.cc/hYTXqrg",en,54,SUSPICIOUS
1pyiclk,Silent_Service9269,"greenchef frizzle a.2l air fryer a ₹2s99.

https://fkrt.cc/hytxqrg",Reddit,2025-12-29T15:22:27,40,Suspect,https://www.reddit.com/r/dealsOffersFreebies/comments/1pyiclk/greenchef_frizzle_42l_air_fryer_2599/,ganja home delivery,"Greenchef Frizzle 4.2L Air Fryer @ ₹2599.

https://fkrt.cc/hYTXqrg",en,40,LOW
1pyic92,Silent_Service9269,"greenchef frizzle a.2l air fryer a ₹2s99.

https://fkrt.cc/hytxqrg",Reddit,2025-12-29T15:21:52,33,Suspect,https://www.reddit.com/r/Lootdealsforindia/comments/1pyic92/greenchef_frizzle_42l_air_fryer_2599/,ganja home delivery,"Greenchef Frizzle 4.2L Air Fryer @ ₹2599.

https://fkrt.cc/hYTXqrg",en,33,LOW
1pyial8,HallerCopter,"germany 2s/26 world cup home jersey with havertz nameset

delivery time: ie days. very fast. io/io quality : very close to original both on nameset and colours. 8/io material: soft and light. 9/io

overall very happy with the product. will definitely try again",Reddit,2025-12-29T15:19:07,57,Suspect,https://www.reddit.com/r/DHGateJerseys/comments/1pyial8/cusjy1_review/,ganja home delivery,"Germany 25/26 World Cup home jersey with Havertz nameset

Delivery time: 13 days. Very fast. 10/10 Quality : very close to original both on nameset and colours. 8/10 Material: soft and light. 9/10

Overall very happy with the product. Will definitely try again",en,69,SUSPICIOUS
1pyia3r,HallerCopter,"germany 2s/26 world cup home jersey with havertz nameset

delivery time: ie days. very fast. io/io quality : very close to original both on nameset and colours. 8/io material: soft and light. 9/io

overall very happy with the product. will definitely try again",Reddit,2025-12-29T15:18:17,37,Suspect,https://www.reddit.com/r/ReplicLeague/comments/1pyia3r/cusjy1_review/,ganja home delivery,"Germany 25/26 World Cup home jersey with Havertz nameset

Delivery time: 13 days. Very fast. 10/10 Quality : very close to original both on nameset and colours. 8/10 Material: soft and light. 9/10

Overall very happy with the product. Will definitely try again",en,49,LOW
1pe2n1d,Lost_D_Zoro1,"i came across this post and the price are unbelievably high i dont really know if people buy from this guy but just dont buy from g2g or somewhere u find it cheap 

g2g is a website a lot of sellers sells their pets in that web prices are very cheap for example:- huge mimic ss and this guy is sellin...",Reddit,2025-12-04T20:49:07,45,Suspect,https://www.reddit.com/r/crosstrading_hub/comments/1pe2n1d/dont_buy_from_this_shop_very_overpriced/,maal for sale,"I came across this post and the price are unbelievably high i dont really know if people buy from this guy but just dont buy from g2g or somewhere u find it cheap 

G2g is a website a lot of sellers sells their pets in that web prices are very cheap for example:- huge mimic 5$ and this guy is sellin...",en,45,LOW
1onzb88,Curious-Guava9574,Is this shop legit? planning to buy a meat thermometer that is wireless. Please also suggest what thermometer you use.,Reddit,2025-11-04T11:00:44,40,Suspect,https://www.reddit.com/r/ShopeePH/comments/1onzb88/is_this_shop_legit/,maal for sale,Legit po ba tong shop na to? Planning to buy a meat thermometer na wireless. Pasuggest nalang din kung ano ginagamit niyong thermometer.,tl,40,LOW
1o88941,Scared_Meaning_5733,"for 2 people. 
already had veggies and fruits from earlier shopping. there's a few items on the list are for monthly use which bumps the total up.",Reddit,2025-10-16T20:21:37,42,Suspect,https://www.reddit.com/r/whatsinyourcart/comments/1o88941/weekly_aldi_shop_7555/,maal for sale,"For 2 people. 
Already had veggies and fruits from earlier shopping. There's a few items on the list are for monthly use which bumps the total up.",en,42,LOW
1pcbs4u,VXHIM,"came across this data in the front page of indian express of yesterday's edition. it's really shocking to know that in last oe years, total 82i6 persons were arrested by the police under ndsamp;ps act for the charges of drug smuggling.
for a small state like himachal pradesh, with a population of ab...",Reddit,2025-12-02T21:14:38,99,Dealer,https://www.reddit.com/r/HimachalPradesh/comments/1pcbs4u/chitta_drug_menace_in_himachal/,chitta drug,"Came across this data in the front page of Indian Express of yesterday's edition. It's really shocking to know that in last 03 years, total 8216 persons were arrested by the Police under ND&amp;PS Act for the charges of drug smuggling.
For a small state like Himachal Pradesh, with a population of ab...",en,99,CRITICAL
1ozo6vv,FewSong1527,"nith's condition right now is very bad. it wasn't always like this tho. major reason as to this happened can be blamed on one particular incident. it's the main reason all this shit is happening in clg right now.

2o2e, **student dies by drug overdose**. everything was kinda okay before that. studen...",Reddit,2025-11-18T00:01:46,84,Dealer,https://www.reddit.com/r/NIT_Hamirpur/comments/1ozo6vv/2023_hillfair_changed_nit/,chitta drug,"NITH's condition right now is very bad. It wasn't always like this tho. Major reason as to this happened can be blamed on one particular incident. It's the main reason all this shit is happening in clg right now.

2023, **student dies by drug overdose**. Everything was kinda okay before that. Studen...",en,96,CRITICAL
1on8vs3,_Jattwaadi_,"Chief Minister Bhagwant Mann can and should target opposition leaders.

But saying that Golaks should be removed from Gurdwara Sahib shows their shallow thinking. Earlier, a vile comment about processions in its gurdwaras was also very popular. Even now there is the same thought. 

s...",Reddit,2025-11-03T16:36:12,55,Suspect,https://www.reddit.com/r/DeshPanjab/comments/1on8vs3/ਪਗਵਤ_ਦ_ਇਹ_ਟਪਣ_ਇਸ_ਦ_ਘਟਆ_ਸਚ_ਨ_ਦਰਸਉਦ_ਹ/,chitta drug,"ਮੁੱਖ ਮੰਤਰੀ ਭਗਵੰਤ ਮਾਨ ਵਿਰੋਧੀ ਆਗੂਆਂ ਨੂੰ ਨਿਸ਼ਾਨਾ ਬਣਾ ਸਕਦਾ ਹੈ ਅਤੇ ਉਨ੍ਹਾਂ ਨੂੰ ਨਿਸ਼ਾਨਾ ਬਣਾਉਣਾ ਚਾਹੀਦਾ ਹੈ।

ਪਰ ਇਹ ਕਹਿਣਾ ਕਿ ਗੁਰਦੁਆਰਾ ਸਾਹਿਬ ਤੋਂ ਗੋਲਕਾਂ ਨੂੰ ਹਟਾ ਦੇਣਾ ਚਾਹੀਦਾ ਹੈ, ਉਨ੍ਹਾਂ ਦੀ ਖੋਖਲੀ ਸੋਚ ਨੂੰ ਦਰਸਾਉਂਦਾ ਹੈ। ਪਹਿਲਾਂ ਇਸ ਦੀ ਗੁਰਦੁਆਰਿਆਂ ‘ਚ ਚੜਾਵੇ ਬਾਰੇ ਵੀ ਇਕ ਘਟੀਆ ਟਿੱਪਣੀ ਬਹੁਤ ਮਸ਼ਹੂਰ ਹੋਈ ਸੀ। ਹੁਣ ਵੀ ਓਹੀ ਸੋਚ ਹੈ। 

ਸ...",pa,55,SUSPICIOUS
1l0oxsd,Direct_Theory_8249,"hey everyone,

i'm deeply concerned about the increasing rate of drug addiction—especially chitta (heroin)—in himachal pradesh. cases are being reported almost daily, and it's heartbreaking to see how many lives and families are being destroyed by this silent epidemic.

despite multiple arrests, the...",Reddit,2025-06-01T18:56:48,84,Dealer,https://www.reddit.com/r/HimachalPradesh/comments/1l0oxsd/rising_drug_chitta_addiction_in_himachal_pradesh/,chitta drug,"Hey everyone,

I'm deeply concerned about the increasing rate of drug addiction—especially chitta (heroin)—in Himachal Pradesh. Cases are being reported almost daily, and it's heartbreaking to see how many lives and families are being destroyed by this silent epidemic.

Despite multiple arrests, the...",en,99,CRITICAL
1knfxaw,hugerr-ection,"drugs don’t just mess with a person’s health and wallet; they end up hurting everyone around them too. a lot of times, addicts turn to stealing or other crimes to get money for drugs.

look at one example of person stealing bike batteries to buy chitta. i have seen live examples of such incidents as...",Reddit,2025-05-16T00:13:39,98,Dealer,https://www.reddit.com/r/jammu/comments/1knfxaw/drug_scene_in_jammu_is_really_concerning/,chitta drug,"Drugs don’t just mess with a person’s health and wallet; they end up hurting everyone around them too. A lot of times, addicts turn to stealing or other crimes to get money for drugs.

Look at one example of person stealing bike batteries to buy chitta. I have seen live examples of such incidents as...",en,99,CRITICAL
1pyi9w0,Cool_Confection4470,"hi therei 

i have had a medical issue that has seemed to confound every nhs staff i have seen (over eo gps, a asamp;e doctors, e plastic surgeons, i dermatologist and awaiting rheumatology) since jan 2o2s.  

i was wrongfully given antibiotics for this undiagnosed issue for a months- it wasn’t an i...",Reddit,2025-12-29T15:17:54,49,Suspect,https://www.reddit.com/r/nhs/comments/1pyi9w0/compensation_ombudsman/,dawai without prescription,"hi there! 

I have had a medical issue that has seemed to confound every NHS staff I have seen (over 30 GPs, 4 A&amp;E doctors, 3 Plastic Surgeons, 1 Dermatologist and awaiting Rheumatology) since jan 2025.  

I was wrongfully given antibiotics for this undiagnosed issue for 4 months- it wasn’t an i...",en,49,LOW
1pyi4ec,okaymyemye,"i was recently hospitalized and am now taking olanzapine and lithium. my only complaint about this combination is the olanzapine.  i previously took risperidone as an antipsychotic.

before being hospitalized, my doctor recommended that i stop taking risperidone and cancelled my prescription.  i tri...",Reddit,2025-12-29T15:08:50,81,Dealer,https://www.reddit.com/r/mentalhealth/comments/1pyi4ec/trying_to_convince_your_doctor_to_change_your_meds/,dawai without prescription,"i was recently hospitalized and am now taking olanzapine and lithium. my only complaint about this combination is the olanzapine.  i previously took risperidone as an antipsychotic.

before being hospitalized, my doctor recommended that I stop taking risperidone and cancelled my prescription.  i tri...",en,81,CRITICAL
1pyhk7p,doublexplus,"anxiety relating to dental/doctor appointments triggers my ibs, and i spend days/hours obsessing and being quite ill. tomorrow, i have a dental consultation – no work, only planning future work – and i have been ill since spm (ii hours) yesterday. it’s aam, and my appointment is at 2pm.  

two traum...",Reddit,2025-12-29T14:34:20,49,Suspect,https://www.reddit.com/r/Anxiety/comments/1pyhk7p/two_dental_traumas_anxiety_and_ibs_extreme_fear/,dawai without prescription,"Anxiety relating to dental/doctor appointments triggers my IBS, and I spend days/hours obsessing and being quite ill. Tomorrow, I have a dental consultation – no work, only planning future work – and I have been ill since 5pm (11 HOURS) yesterday. It’s 4am, and my appointment is at 2pm.  

Two Traum...",en,49,LOW
1pyhbqo,Affectionate_Eye1589,"in my 2o’s (pretty much the whole decade) i was stuck in a very awful pattern of addiction. my drugs of choice were alcohol, cocaine, and eventually crack. 

at the time i viewed the alcohol as being my primary problem. i was “alcoholic” like you saw on tv, with  month-long stretches of time where i...",Reddit,2025-12-29T14:19:58,88,Dealer,https://www.reddit.com/r/AdultADHDSupportGroup/comments/1pyhbqo/anyone_else_have_a_substance_use_disorder/,dawai without prescription,"In my 20’s (pretty much the whole decade) I was stuck in a very awful pattern of addiction. My drugs of choice were alcohol, cocaine, and eventually crack. 

At the time I viewed the alcohol as being my primary problem. I was “alcoholic” like you saw on TV, with  month-long stretches of time where I...",en,99,CRITICAL
1pygvv7,ThrowRAadviceTIA,"
my partner and i f22, m2s, have had multiple discussions over the past few month about how i feel like he is not putting me first.
he always comes up with half excuse reasons as to how he does but more often than not they are my ideas and would not happen without my planning. 
onto my next point,  ...",Reddit,2025-12-29T13:53:17,58,Suspect,https://www.reddit.com/r/relationship_advice/comments/1pygvv7/22f_i_feel_i_deserve_more_than_what_my_25m_can/,dawai without prescription,"
My partner and I F22, M25, have had multiple discussions over the past few month about how I feel like he is not putting me first.
He always comes up with half excuse reasons as to how he does but more often than not they are my ideas and would not happen without my planning. 
Onto my next point,  ...",en,58,SUSPICIOUS
1pyggef,glasswarespecialist,"my partner and i f22, m2s, have had multiple discussions over the post few month about how i feel like he is not putting me first.
he always comes up with half excuse reasons as to how he does but more often than not they are my ideas and would not happen without my planning. 
onto my next point,  i...",Reddit,2025-12-29T13:27:49,49,Suspect,https://www.reddit.com/r/relationshipadvice/comments/1pyggef/22f_i_feel_i_deserve_more_than_what_my_25m_can/,dawai without prescription,"My partner and I F22, M25, have had multiple discussions over the post few month about how I feel like he is not putting me first.
He always comes up with half excuse reasons as to how he does but more often than not they are my ideas and would not happen without my planning. 
Onto my next point,  I...",en,49,LOW
1pbc6na,iamaclassywatch,brother's truecaller😭🥀,Reddit,2025-12-01T18:31:43,43,Suspect,https://www.reddit.com/r/IndianTeenagers/comments/1pbc6na/maha_vahiyad/,samaan delivery, rapido vale bhaiya ka Truecaller😭🥀,tr,43,LOW
1mra28g,pusi_cat_,"Does anyone know the number of the delivery brother in Itanagar? It has been many months since I got here at the same time, no one is calling here and there is no point in rescheduling the delivery. In the end, the delivery failed because I have just turned 10. My friend is in trouble again and again...",Reddit,2025-08-16T02:24:46,47,Suspect,https://www.reddit.com/r/ArunachalConfession/comments/1mra28g/delivery_problems/,samaan delivery,"Kisi kah pas itanagar kah delivery bhaiya log kah number hai kya nah sala bohut mahina seh samaan magareh nykaa seh,koi bhi call nhi atteh aur wapis delivery koh reschedule krne kah bhi kuch faida nhi hai last me delivery failed hojateh ase abhi teen baar ho chuka mera sath!!bohut irri lagre ekdam w...",id,59,SUSPICIOUS
1lp7jpw,Financial-Quality412,aaj buddha bata samaan ek jana vaily delivery gareko thiyo recommend fair ieo thiyo i8s katerw vagyo indrive driver .,Reddit,2025-07-01T22:48:37,38,Suspect,https://www.reddit.com/r/pokhara/comments/1lp7jpw/indrive_fair_over_than_recomanded/,samaan delivery,Aaj buddha bata samaan ek jana vaily delivery gareko thiyo recommend fair 130 thiyo 185 katerw vagyo indrive driver .,en,50,LOW
1jbqydc,Acceptable_Jury999,"my guess is very very soon. after delivery whether it is on time or slightly up or down the tentative date, she will capture nalla's home with a bang and all the gand (गंद) that she is. she will play the sympathy card and tabiyat kharab and ghabrahat card with the trump card new baby. she can't live...",Reddit,2025-03-15T14:24:48,49,Suspect,https://www.reddit.com/r/JanabMadamIbrahim/comments/1jbqydc/how_many_days_till_chalu_captures_bhais_home_again/,samaan delivery,"My guess is very very soon. After delivery whether it is on time or slightly up or down the tentative date, she will capture Nalla's home with a bang and all the gand (गंद) that she is. She will play the sympathy card and tabiyat kharab and ghabrahat card with the trump card new baby. She can't live...",en,61,SUSPICIOUS
1gdwb7r,Paul_Semicolon1,"i watched swades 2o years after its release and india hasn't changed a bit it seemsi

to gen z born in the 2ooos, let me tell you a bit about the cult of swades. it's a film made in 2ooa, in which indian-origin scientist mohan, who works in nasa, comes back to india to find out that he has been over...",Reddit,2024-10-28T12:53:17,55,Suspect,https://www.reddit.com/r/AskIndia/comments/1gdwb7r/is_brain_drain_really_the_biggest_problem_in/,samaan delivery,"I watched Swades 20 years after its release and India hasn't changed a bit it seems!

To Gen Z born in the 2000s, let me tell you a bit about the cult of Swades. It's a film made in 2004, in which Indian-origin scientist Mohan, who works in NASA, comes back to India to find out that he has been over...",en,55,SUSPICIOUS
1g0xpit,Chuplavdee,"so i live on erd floor. havent mentioned the floor on the address. i have swiggy one also. 

for the past 2 months, every delivery partner calls and says “sir mere per (leg) me lgi hai”, “meri tbiyt thik ni hai” mere ye hora hai mere voh hora hai aap niche aakr order lelo. in the beginning i used to...",Reddit,2024-10-11T06:13:21,52,Suspect,https://www.reddit.com/r/swiggy/comments/1g0xpit/delivery_partner_refusing_to_deliver/,samaan delivery,"So I live on 3rd floor. Havent mentioned the floor on the address. I have swiggy one also. 

For the past 2 months, every delivery partner calls and says “sir mere per (leg) me lgi hai”, “meri tbiyt thik ni hai” mere ye hora hai mere voh hora hai aap niche aakr order lelo. In the beginning I used to...",en,64,SUSPICIOUS
1erv14j,Regular_Access9992,"hello. i recently tried out smart meals delivery in an attempt to eat healthier and of course, manage my weight. i only tried it for ex this week. today is my 2nd day and i feel like the quality of their food is compromised. not sure if dahil lang sa bland lang talaga kaya natural odor nung food yun...",Reddit,2024-08-14T12:29:59,40,Suspect,https://www.reddit.com/r/Philippines/comments/1erv14j/saan_maganda_umorder_ng_healthy_meal_prep/,samaan delivery,"Hello. I recently tried out Smart Meals delivery in an attempt to eat healthier and of course, manage my weight. I only tried it for 3x this week. Today is my 2nd day and I feel like the quality of their food is compromised. Not sure if dahil lang sa bland lang talaga kaya natural odor nung food yun...",en,52,SUSPICIOUS
1pygaxe,TheFlyingDutchMan_-,"
looking at the msi mag 2taqf (2t"" iaaop i8ohz) for my pss. the official spec sheet says ""vrr: pss and xbox supported"" which is weird since it only has hdmi 2.ob ports.

has anyone actually tested pss vrr on this monitor? does it work properly or is the spec sheet just marketing bs?

would appreciat...",Reddit,2025-12-29T13:18:44,32,Suspect,https://www.reddit.com/r/MSI_Gaming/comments/1pygaxe/msi_mag_274qf_does_ps5_vrr_actually_work/,g@nja,"
Looking at the MSI MAG 274QF (27"" 1440p 180Hz) for my PS5. The official spec sheet says ""VRR: PS5 and Xbox Supported"" which is weird since it only has HDMI 2.0b ports.

Has anyone actually tested PS5 VRR on this monitor? Does it work properly or is the spec sheet just marketing BS?

Would appreciat...",en,32,LOW
1py5jof,jbo1992,always wanted a i9ii for the historical relevance as well as the fun. ultimately decided on the colt competition since they have a sioo rebate right now and i had a good amount of scheels cash. plan on swapping the grips for black and some wilson combat mags. excited to go shoot this thing ,Reddit,2025-12-29T04:41:23,30,Suspect,https://www.reddit.com/r/1911/comments/1py5jof/after_10_years_of_dreaming_finally_chose_and/,g@nja,Always wanted a 1911 for the historical relevance as well as the fun. Ultimately decided on the Colt Competition since they have a $100 rebate right now and I had a good amount of scheels cash. Plan on swapping the grips for black and some Wilson Combat mags. Excited to go shoot this thing ,en,30,LOW
1pxz16k,AlternativeCheap3268,"hey everyone, another spiky profile herei

i took the core test because i suspect to be e2/adhd. since diagnostics in that case should include iq testing, i wanted a solid idea of my profile before pursuing an official evaluation.

quick caveat: did most of the tests in a distracting environment. al...",Reddit,2025-12-29T00:18:29,42,Suspect,https://www.reddit.com/r/cognitiveTesting/comments/1pxz16k/very_spiky_profile_core/,g@nja,"Hey everyone, another spiky profile here!

I took the CORE test because I suspect to be e2/ADHD. Since diagnostics in that case should include IQ testing, I wanted a solid idea of my profile before pursuing an official evaluation.

Quick caveat: Did most of the tests in a distracting environment. Al...",en,42,LOW
1pxxjpo,SyllabubAnxious5312,"2k26 summersplash league

crossplay regs i szn 2 - lebron era

▬▬▬▬▬▬▬▬▬▬▬▬▬▬▬▬▬▬▬▬▬▬▬▬▬

key details:

crossplay regs league (next gen)

6 minute quarters

hof difficulty - no s out / no offball

extremely active samp; fair commish

daily challenges samp; sports betting

cash prizes, rewards samp; ...",Reddit,2025-12-28T23:20:59,36,Suspect,https://www.reddit.com/r/2KMyLeague/comments/1pxxjpo/lebron_era_league_season_2/,g@nja,"2K26 SUMMERSPLASH LEAGUE

Crossplay Regs | SZN 2 - LeBron Era

▬▬▬▬▬▬▬▬▬▬▬▬▬▬▬▬▬▬▬▬▬▬▬▬▬

KEY DETAILS:

Crossplay Regs League (Next Gen)

6 Minute Quarters

HOF Difficulty - No 5 Out / No Offball

Extremely Active &amp; Fair Commish

Daily Challenges &amp; Sports Betting

Cash Prizes, Rewards &amp; ...",en,36,LOW
1pxtyr7,PeanutReal4394,"hi everyone, just a note that i'm it so i'm not sure how that affects the test results.

recently, i've becoming quite interested in seeing what my own iq is.

the reason for this: i've noticed that essentially my whole life people either say i'm really smart or really stupid. doesn't seem like much...",Reddit,2025-12-28T20:57:22,30,Suspect,https://www.reddit.com/r/cognitiveTesting/comments/1pxtyr7/im_at_a_loss/,g@nja,"Hi everyone, just a note that I'm 17 so I'm not sure how that affects the test results.

Recently, I've becoming quite interested in seeing what my own IQ is.

The reason for this: I've noticed that essentially my whole life people either say I'm really smart or really stupid. Doesn't seem like much...",en,30,LOW
1pxtlul,forza_seb,"this flight was due to land at bournemouth yesterday but was diverted to thruxon according to flightradar. the thruxton runway simply isn’t big enough for this aircraft. looking into it further, flightaware says it landed at middle wallop which is an raf area with only grass runways, which is not su...",Reddit,2025-12-28T20:42:08,96,Dealer,https://www.reddit.com/r/flightradar24/comments/1pxtlul/landing_o_a_grass_runway/,g@nja,"This flight was due to land at Bournemouth yesterday but was diverted to Thruxon according to Flightradar. The thruxton runway simply isn’t big enough for this aircraft. Looking into it further, FlightAware says it landed at Middle Wallop which is an RAF area with only grass runways, which is not su...",en,99,CRITICAL
1mubdec,mystique1987,"source: klarissedeguzman ig (https://www.instagram.com/klarissedguzman/?hl=en) 

happy i8th mowm 🤪❤️.. stay as beautiful as you are.. and more projects to come 🫶💕.. 

like samp; follow mowm ig  💕 lapit na mag im 
",Reddit,2025-08-19T12:36:22,31,Suspect,https://www.reddit.com/r/KlarisseDeGuzman/comments/1mubdec/belated_happy_18th_birthday_mowm/,ch4r@s,"source: KlarissedeGuzman IG (https://www.instagram.com/klarissedguzman/?hl=en) 

Happy 18th Mowm 🤪❤️.. Stay as beautiful as you are.. And more projects to come 🫶💕.. 

Like &amp; follow Mowm IG  💕 lapit na mag 1M 
",en,31,LOW
1lj457r,Expert_Quiet_4681,"prompt: roast bgc as a millenial jejemon in the oo's.

bro? you'll be fine 😏""

wow bgc... you are so rich 😮‍💨
prang sorry chatroom of fashyun skaterz with a budget 🤖👟
but deep inside... you're good, prin. don't get confid u po 🤡

everyone in your crop top,
like someone who falls on a hill. m...",Reddit,2025-06-24T12:16:18,33,Suspect,https://www.reddit.com/r/BGC_Taguig/comments/1lj457r/chat_gpt_bgc_roast_incoming/,ch4r@s,"prompt: roast BGC as a millenial jejemon in the 00's.

bGc? mAn4n4h1m k4 n4 lng p0 😏""

w0w bGc… aNg y4m4n m0 n4h 😮‍💨
pRang sOrrYnA cH4tRooM nG fAshYuN sKaTeRz nA mAy bUdGEt 🤖👟
bUt d33p 1ns1d3… t4gU1g k4 pR1n. dOnt g3t c0nfi u p0 🤡

lAh4t nG tAoh s4’Yo n4kAcR0p t0p,
p4r4ng i5Ang mAhUhuLug s4 bUd0l. m...",tl,33,LOW
1pyiizu,Unusual_Jellyfish224,"the majority of my female friends are amazing, supportive gals. but every now and then i realize that some of my friends try to control the narrative of my life, usually especially when it comes to work and my relationships. it’s really strange and almost hard to explain, but for example, they’ll ma...",Reddit,2025-12-29T15:32:54,33,Suspect,https://www.reddit.com/r/AskWomenOver30/comments/1pyiizu/controlling_female_friends/,af!m,"The majority of my female friends are amazing, supportive gals. But every now and then I realize that some of my friends try to control the narrative of my life, usually especially when it comes to work and my relationships. It’s really strange and almost hard to explain, but for example, they’ll ma...",en,33,LOW
1pyhqwn,BusyCriticism2926,"hi, last year when i filed my return it got rejected because i needed to correct it and add my io9s-a ( it was my first time having to attach it and i honestly thought i could work my way around it and just skip adding it because with it i was gonna owe the irs ek samp; so without it) well anyways i...",Reddit,2025-12-29T14:45:47,40,Suspect,https://www.reddit.com/r/tax/comments/1pyhqwn/2024_tax_return_rejected/,af!m,"Hi, last year when I filed my return it got rejected because I needed to correct it and add my 1095-A ( it was my first time having to attach it and I honestly thought I could work my way around it and just skip adding it because with it I was gonna owe the irs 3k &amp; $0 without it) well anyways I...",en,40,LOW
1pyhn4x,Street-Memory-4604,"hello community, i am a 2nd year undergrad and i wanted to get review on my resume from fellow people here. i am looking to get a good internship by my 2nd year ends (s months from now) by grinding leetcode side by side.  
any suggestions are more than welcome

https://preview.redd.it/vbwmzahtoaagi....",Reddit,2025-12-29T14:39:20,40,Suspect,https://www.reddit.com/r/LeetcodeDesi/comments/1pyhn4x/roast_my_resume_3rd_sem/,af!m,"hello community, I am a 2nd year undergrad and i wanted to get review on my resume from fellow people here. I am looking to get a good internship by my 2nd year ends (5 months from now) by grinding leetcode side by side.  
Any suggestions are more than welcome

https://preview.redd.it/vbwmzah704ag1....",en,40,LOW
1pyhmef,Street-Memory-4604,"https://preview.redd.it/ayaarjrhzeagi.png?width=to9samp;format=pngsamp;auto=webpsamp;s=at22c8aaaecab8aci2aso9se2cct9d8s2dbb6io9

hello community, i am a 2nd year undergrad and i wanted to get review on my resume from fellow people here. i am looking to get a good internship by my 2nd year ends (s mo...",Reddit,2025-12-29T14:38:07,34,Suspect,https://www.reddit.com/r/Btechtards/comments/1pyhmef/roast_my_resume_3rd_sem/,af!m,"https://preview.redd.it/ayaarjrhz3ag1.png?width=709&amp;format=png&amp;auto=webp&amp;s=a722c84443cab84c12a509532cc79d852dbb6109

hello community, I am a 2nd year undergrad and i wanted to get review on my resume from fellow people here. I am looking to get a good internship by my 2nd year ends (5 mo...",en,34,LOW
1pyhjtm,Street-Memory-4604,"https://preview.redd.it/tsiete2syeagi.png?width=to9samp;format=pngsamp;auto=webpsamp;s=s2s6b6ica6f9i6fsoesca8saieb9iad6odt8ftab

hello community, i am a 2nd year undergrad and i wanted to get review on my resume from fellow people here. i am looking to get a good internship by my 2nd year ends (s mo...",Reddit,2025-12-29T14:33:40,36,Suspect,https://www.reddit.com/r/leetcode/comments/1pyhjtm/roast_my_resume_2nd_year_undergrad/,af!m,"https://preview.redd.it/7s1e7e2sy3ag1.png?width=709&amp;format=png&amp;auto=webp&amp;s=5256b61ca6f916f5035ca85413b914d60d78f7ab

hello community, I am a 2nd year undergrad and i wanted to get review on my resume from fellow people here. I am looking to get a good internship by my 2nd year ends (5 mo...",en,36,LOW
1pyikmb,AutoModerator,"[https://www.amazon.com/s?k=https%ea%2f%2fwww.amazon.com%2fwedding%2fnew-registry%efref\_%edgr-home-wedding-createisamp;crid=iqvjytxkxn86isamp;sprefix=httpst//www.amazon.com/wedding/new-registrytref\_tgr-home-wedding-createi,aps,i92samp;linkcode=ll2samp;tag=moneymakeo2db-2osamp;linkid=a6de6fsatbese8...",Reddit,2025-12-29T15:35:39,35,Suspect,https://www.reddit.com/r/FIRSTCLASSMARKETING/comments/1pyikmb/need_the_perfect_wedding_gift_or_go_to_place_for/,gr@ss,"[https://www.amazon.com/s?k=https%3A%2F%2Fwww.amazon.com%2Fwedding%2Fnew-registry%3Fref\_%3Dgr-home-wedding-create1&amp;crid=1QVJY7XKXN86I&amp;sprefix=https+//www.amazon.com/wedding/new-registry+ref\_+gr-home-wedding-create1,aps,192&amp;linkCode=ll2&amp;tag=moneymake02db-20&amp;linkId=46d36f5a7b35e8...",en,35,LOW
1pyhkw2,AutoModerator,"[https://www.amazon.com/s?k=https%ea%2f%2fwww.amazon.com%2fwedding%2fnew-registry%efref\_%edgr-home-wedding-createisamp;crid=iqvjytxkxn86isamp;sprefix=httpst//www.amazon.com/wedding/new-registrytref\_tgr-home-wedding-createi,aps,i92samp;linkcode=ll2samp;tag=moneymakeo2db-2osamp;linkid=a6de6fsatbese8...",Reddit,2025-12-29T14:35:31,51,Suspect,https://www.reddit.com/r/FIRSTCLASSMARKETING/comments/1pyhkw2/need_the_perfect_wedding_gift_or_go_to_place_for/,gr@ss,"[https://www.amazon.com/s?k=https%3A%2F%2Fwww.amazon.com%2Fwedding%2Fnew-registry%3Fref\_%3Dgr-home-wedding-create1&amp;crid=1QVJY7XKXN86I&amp;sprefix=https+//www.amazon.com/wedding/new-registry+ref\_+gr-home-wedding-create1,aps,192&amp;linkCode=ll2&amp;tag=moneymake02db-20&amp;linkId=46d36f5a7b35e8...",en,51,SUSPICIOUS
1pygv3h,Rich_Comb_0072,"selling it as whole set of a 
price-tsors
ftf prefered thane/kalyan 

",Reddit,2025-12-29T13:51:59,60,Suspect,https://www.reddit.com/r/hotwheelsmumbai/comments/1pygv3h/wts_as_set/,gr@ss,"SELLING IT AS WHOLE SET OF 4 
PRICE-750rs
Ftf prefered thane/kalyan 

",en,60,SUSPICIOUS
1pygl9q,AutoModerator,"[https://www.amazon.com/s?k=https%ea%2f%2fwww.amazon.com%2fwedding%2fnew-registry%efref\_%edgr-home-wedding-createisamp;crid=iqvjytxkxn86isamp;sprefix=httpst//www.amazon.com/wedding/new-registrytref\_tgr-home-wedding-createi,aps,i92samp;linkcode=ll2samp;tag=moneymakeo2db-2osamp;linkid=a6de6fsatbese8...",Reddit,2025-12-29T13:35:30,40,Suspect,https://www.reddit.com/r/FIRSTCLASSMARKETING/comments/1pygl9q/need_the_perfect_wedding_gift_or_go_to_place_for/,gr@ss,"[https://www.amazon.com/s?k=https%3A%2F%2Fwww.amazon.com%2Fwedding%2Fnew-registry%3Fref\_%3Dgr-home-wedding-create1&amp;crid=1QVJY7XKXN86I&amp;sprefix=https+//www.amazon.com/wedding/new-registry+ref\_+gr-home-wedding-create1,aps,192&amp;linkCode=ll2&amp;tag=moneymake02db-20&amp;linkId=46d36f5a7b35e8...",en,40,LOW
1pyfkg6,AutoModerator,"[https://www.amazon.com/s?k=https%ea%2f%2fwww.amazon.com%2fwedding%2fnew-registry%efref\_%edgr-home-wedding-createisamp;crid=iqvjytxkxn86isamp;sprefix=httpst//www.amazon.com/wedding/new-registrytref\_tgr-home-wedding-createi,aps,i92samp;linkcode=ll2samp;tag=moneymakeo2db-2osamp;linkid=a6de6fsatbese8...",Reddit,2025-12-29T12:35:31,30,Suspect,https://www.reddit.com/r/FIRSTCLASSMARKETING/comments/1pyfkg6/need_the_perfect_wedding_gift_or_go_to_place_for/,gr@ss,"[https://www.amazon.com/s?k=https%3A%2F%2Fwww.amazon.com%2Fwedding%2Fnew-registry%3Fref\_%3Dgr-home-wedding-create1&amp;crid=1QVJY7XKXN86I&amp;sprefix=https+//www.amazon.com/wedding/new-registry+ref\_+gr-home-wedding-create1,aps,192&amp;linkCode=ll2&amp;tag=moneymake02db-20&amp;linkId=46d36f5a7b35e8...",en,30,LOW
1pyehmj,AutoModerator,"[https://www.amazon.com/s?k=https%ea%2f%2fwww.amazon.com%2fwedding%2fnew-registry%efref\_%edgr-home-wedding-createisamp;crid=iqvjytxkxn86isamp;sprefix=httpst//www.amazon.com/wedding/new-registrytref\_tgr-home-wedding-createi,aps,i92samp;linkcode=ll2samp;tag=moneymakeo2db-2osamp;linkid=a6de6fsatbese8...",Reddit,2025-12-29T11:35:30,38,Suspect,https://www.reddit.com/r/FIRSTCLASSMARKETING/comments/1pyehmj/need_the_perfect_wedding_gift_or_go_to_place_for/,gr@ss,"[https://www.amazon.com/s?k=https%3A%2F%2Fwww.amazon.com%2Fwedding%2Fnew-registry%3Fref\_%3Dgr-home-wedding-create1&amp;crid=1QVJY7XKXN86I&amp;sprefix=https+//www.amazon.com/wedding/new-registry+ref\_+gr-home-wedding-create1,aps,192&amp;linkCode=ll2&amp;tag=moneymake02db-20&amp;linkId=46d36f5a7b35e8...",en,38,LOW
1opx4v0,Financial-Pie7307,"- drug induced rants. she's the only one that spams that page. posting a bunch of ""i'm done with this alli i'm calling cps nowi"" posts.  very emotionally driven posts. 

- drug induced psychosis lying about interviews with blueface and bino, lying about police reports, cps coming,  talking directly ...",Reddit,2025-11-06T17:35:47,97,Dealer,https://www.reddit.com/r/exposingsyntheticwig/comments/1opx4v0/she_is_like_chrisean/,c0caine,"- drug induced rants. She's the only one that spams that page. Posting a bunch of ""I'm done with this all! I'm calling CPS NOW!"" posts.  Very emotionally driven posts. 

- drug induced psychosis lying about interviews with Blueface and Bino, lying about police reports, CPS coming,  talking directly ...",en,99,CRITICAL
1no6t5b,mentalhealthren,"went cold turkey for a week e years ago of iomg. doctor pushed me back up to 2omg, was too much, went back down to iomg a few months later and felt a lot better. overtime the past e years though, i feel it’s slowly hasn’t been working anymore, now i’m at the point everyday like clock work, around sp...",Reddit,2025-09-23T08:52:51,80,Dealer,https://www.reddit.com/r/lexapro/comments/1no6t5b/lexapro_is_wearing_off_too_quickly_and_i_believe/,c0caine,"Went cold turkey for a week 3 years ago of 10mg. Doctor pushed me back up to 20mg, was too much, went back down to 10mg a few months later and felt a lot better. Overtime the past 3 years though, I feel it’s slowly hasn’t been working anymore, now I’m at the point everyday like clock work, around 5p...",en,80,SUSPICIOUS
1n8nf65,user288747383,"i am trying to decide the right course of action towards my bf’s family seeing my newborn baby. i am due end of december 2o2s with my first child and my bf’s family is completely different to my own. 

bf’s father has had recent problems with dealing drugs and was kicked out of his partners place as...",Reddit,2025-09-05T03:24:50,92,Dealer,https://www.reddit.com/r/AITAH/comments/1n8nf65/amitah_for_not_letting_the_paternal_grandmother/,c0caine,"I am trying to decide the right course of action towards my bf’s family seeing my newborn baby. I am due end of December 2025 with my first child and my bf’s family is COMPLETELY different to my own. 

Bf’s father has had recent problems with dealing drugs and was kicked out of his partners place as...",en,99,CRITICAL
1n6r9zf,UKeggMonsters,"apolloredi:

pbrazy

redflag

yvl anthem

xo tourlyfe


homixide gang:

pcs

pbsamp;j

versionfive

lifestyle

frank matthews

uzi work

redrag

i8oo-sss-opium


destroy lonely:

syrup sippin

jetlggd 

bane

how u feel?

money samp; sęx

nostylist

never ever

thrill

came in wit

fakenggas

catch ...",Reddit,2025-09-02T23:52:32,85,Dealer,https://www.reddit.com/r/opium/comments/1n6r9zf/antagonist_20_dream_setlist/,c0caine,"APOLLORED1:

PBrazy

RedFlag

YVL Anthem

XO tourlyfe


HOMIXIDE GANG:

PC5

PB&amp;J

VersionF!VE

lifestyle

FRANK MATTHEWS

uzi work

REDRAG

1800-555-OPIUM


DESTROY LONELY:

syrup sippin

jetlggd 

bane

how u feel?

money &amp; sęx

nostylist

never ever

thrill

came in wit

fakenggas

catch ...",en,85,CRITICAL
1n0ahfn,alispo00n,"which mom on the show do you feel could be most similar to yours? and i'm not talking literally like ""my mom did cocaine in the kitchen with her boyfriend,"" but rather a psychological profile, like boo's mom who didn't accept her identity, or piper's mom who pretended that everything was always okay...",Reddit,2025-08-26T08:15:34,84,Dealer,https://www.reddit.com/r/orangeisthenewblack/comments/1n0ahfn/mothers_on_the_show/,c0caine,"Which mom on the show do you feel could be most similar to yours? And I'm not talking literally like ""my mom did c0caine in the kitchen with her boyfriend,"" but rather a psychological profile, like Boo's mom who didn't accept her identity, or Piper's mom who pretended that everything was always okay...",en,99,CRITICAL
1pybhhr,Akejdncjsjaj,"https://preview.redd.it/tt6pwxysc2agi.png?width=i92osamp;format=pngsamp;auto=webpsamp;s=6f86fc9saib2ascdtscbaefdsf9ai2c9sddcatfa

https://preview.redd.it/cnatevuec2agi.png?width=i92osamp;format=pngsamp;auto=webpsamp;s=dtc2bad9eai2soe9aa8oaedoc6c6e6tadeb89962

i have made clocktower in vanilla minecr...",Reddit,2025-12-29T09:06:13,31,Suspect,https://www.reddit.com/r/BloodOnTheClocktower/comments/1pybhhr/clocktower_on_a_vanilla_minecraft_server/,x@nax,"https://preview.redd.it/7t6pwxysc2ag1.png?width=1920&amp;format=png&amp;auto=webp&amp;s=6f86fc95a1b2a5cd75cb4efd5f9a12c95ddc47f4

https://preview.redd.it/cna7evu3c2ag1.png?width=1920&amp;format=png&amp;auto=webp&amp;s=d7c2b4d93a1250394a80a3d0c6c6e67ad3b89962

I have made Clocktower in vanilla Minecr...",en,31,LOW
1py1l4g,imfromplutoo,best christmas gift ever ahhhhii (please excuse how poorly i took these pics i was trying to have my shadow be as least as distracting as possible 😭),Reddit,2025-12-29T01:59:17,53,Suspect,https://www.reddit.com/r/MacMiller/comments/1py1l4g/good_am_10th_anniversary_special_vinyl_came_in/,x@nax,Best christmas gift ever ahhhh!! (please excuse how poorly i took these pics i was trying to have my shadow be as least as distracting as possible 😭),en,53,SUSPICIOUS
1px7qei,Subnauticadog,"have this looking for s, along with a stick nymph ",Reddit,2025-12-28T01:58:50,44,Suspect,https://www.reddit.com/r/BeeSwarmSimulator/comments/1px7qei/lfo/,x@nax,"Have this looking for 5, along with a stick nymph ",en,44,LOW
1pwppi2,Swervoo909,anyone trying to get some rec ss my cres inactive rn. also looking to recruit actives. open to giving vice president to solid hoopers,Reddit,2025-12-27T10:51:45,43,Suspect,https://www.reddit.com/r/NBA2kCrew/comments/1pwppi2/levl_13_crew_recruiting_looking_for_rec_runs_now/,x@nax,Anyone trying to get some rec 5s my cres inactive rn. Also looking to recruit actives. Open to giving vice president to solid hoopers,en,43,LOW
1pwd8qn,jbaque13,"it’s the white one, so i guess that counts as dairy, right?",Reddit,2025-12-27T01:21:27,52,Suspect,https://www.reddit.com/r/UberEatsDrivers/comments/1pwd8qn/ahh_yes_who_could_forget_essential_dairy_products/,x@nax,"It’s the white one, so I guess that counts as dairy, right?",en,52,SUSPICIOUS
1pxiwrf,guy48065,"i have a led plate fixture on the ceiling of a pantry. i need it to turn on when i open the door, or step inside but it's so sensitive that it turns on if i walk by the closed door.

the fixture has a sensitivity switch and it's already set to minimum.  is this pretty typical behavior for these unit...",Reddit,2025-12-28T10:37:05,39,Suspect,https://www.reddit.com/r/electrical/comments/1pxiwrf/way_too_sensitive_motion_detector_light/,p!lls,"I have a led plate fixture on the ceiling of a pantry. I need it to turn on when I open the door, or step inside but it's so sensitive that it turns on if I walk by the CLOSED door.

The fixture has a sensitivity switch and it's already set to minimum.  Is this pretty typical behavior for these unit...",en,39,LOW
1pxdbkr,Initial-Employer1255,"we'll be evaluating these 8 clades (as shown by their pictures), based on habitat and niche availability, how well they deal with competition, kaimeean predators, and diet availability. same rules apply to all serina vs kaimere series posts. please give a numeric score out of io.",Reddit,2025-12-28T06:05:20,36,Suspect,https://www.reddit.com/r/ReviewArchives/comments/1pxdbkr/serina_vs_kaimere_which_of_these_osteoplumas/,p!lls,"We'll be evaluating these 8 clades (as shown by their pictures), based on habitat and niche availability, how well they deal with competition, Kaimeean predators, and diet availability. Same rules apply to all Serina vs Kaimere series posts. Please give a numeric score out of 10.",en,36,LOW
